"Scenario","A","B","KM_Mean","Hybrid_Mean","KM_MAE","Hybrid_MAE","KM_SD","Hybrid_SD","KM_Min","KM_Max","Hybrid_Min","Hybrid_Max"
"No censoring",0,0,3.01277304957804,3.01277304957804,0.113969261742256,0.113969261742256,0.142796818533204,0.142796818533204,2.68687056627351,3.43161075368533,2.68687056627351,3.43161075368533
"Light (20%)",0.1,0.1,2.60702562980498,3.29643148180462,0.392974370195017,0.457804054852787,0.0964256234536188,0.987586387492196,2.3580851506788,2.8504376190254,2.45388628634969,10.3263568897426
"Moderate (30%)",0.15,0.15,2.37136844013965,4.07168652534742,0.628631559860345,1.36775042013046,0.0742219788005324,3.61616870815454,2.19388295412362,2.57665333594094,2.32909266716071,30.295237055816
"Heavy (50%)",0.25,0.25,1.78733680934463,3.66172427322974,1.21266319065537,1.62381720158716,0.0425066846818235,3.45783283289384,1.6614427475768,1.91226498684917,1.91507499622013,29.8873224768359
